created,submitted,insertions,deletions,loc_change,total_comment_count,link,time_in_review,version,patches,rollbacks,conductor,rollbacks_time,group0_delay_days,group1_delay_days,group2_delay_days,train_total_time
2019-05-18 15:51:04,2019-05-21 07:30:50,1,1,2,4,"https://gerrit.wikimedia.org/r/#/q/193636c3,n,z",229186.0,1.34.0-wmf.6,385,2,Antoine Musso,68699,0,1,0,167018
2019-05-20 21:52:08,2019-05-20 22:52:30,9,12,21,1,"https://gerrit.wikimedia.org/r/#/q/8c52c6be,n,z",3622.0,1.34.0-wmf.6,385,2,Antoine Musso,68699,0,1,0,167018
2019-05-16 13:57:28,2019-05-20 22:58:51,0,26,26,2,"https://gerrit.wikimedia.org/r/#/q/94df8929,n,z",378083.0,1.34.0-wmf.6,385,2,Antoine Musso,68699,0,1,0,167018
2019-05-19 13:52:35,2019-05-19 21:37:44,4,4,8,3,"https://gerrit.wikimedia.org/r/#/q/99b764f3,n,z",27909.0,1.34.0-wmf.6,385,2,Antoine Musso,68699,0,1,0,167018
2019-05-18 17:21:21,2019-05-20 06:46:01,25,0,25,7,"https://gerrit.wikimedia.org/r/#/q/b2b204ee,n,z",134680.0,1.34.0-wmf.6,385,2,Antoine Musso,68699,0,1,0,167018
2019-05-19 11:16:11,2019-05-19 21:37:51,13,0,13,3,"https://gerrit.wikimedia.org/r/#/q/63cf83e0,n,z",37300.0,1.34.0-wmf.6,385,2,Antoine Musso,68699,0,1,0,167018
2019-04-25 11:24:22,2019-05-18 20:03:12,33,0,33,25,"https://gerrit.wikimedia.org/r/#/q/8f033911,n,z",2018330.0,1.34.0-wmf.6,385,2,Antoine Musso,68699,0,1,0,167018
2019-05-18 18:50:59,2019-05-19 06:46:41,0,12,12,2,"https://gerrit.wikimedia.org/r/#/q/e2273bcd,n,z",42942.0,1.34.0-wmf.6,385,2,Antoine Musso,68699,0,1,0,167018
2019-05-18 16:24:29,2019-05-18 17:06:19,2,2,4,1,"https://gerrit.wikimedia.org/r/#/q/6896da4e,n,z",2510.0,1.34.0-wmf.6,385,2,Antoine Musso,68699,0,1,0,167018
2019-04-30 21:08:45,2019-05-19 09:59:59,34,34,68,9,"https://gerrit.wikimedia.org/r/#/q/871d947c,n,z",1601474.0,1.34.0-wmf.6,385,2,Antoine Musso,68699,0,1,0,167018
2019-02-12 01:26:23,2019-05-18 14:36:52,15,12,27,8,"https://gerrit.wikimedia.org/r/#/q/0517b9af,n,z",8255429.0,1.34.0-wmf.6,385,2,Antoine Musso,68699,0,1,0,167018
2019-02-19 12:16:54,2019-05-18 13:46:45,3,18,21,1,"https://gerrit.wikimedia.org/r/#/q/b761bfa3,n,z",7608591.0,1.34.0-wmf.6,385,2,Antoine Musso,68699,0,1,0,167018
2019-05-14 13:32:30,2019-05-18 09:46:03,1,1,2,2,"https://gerrit.wikimedia.org/r/#/q/fefedf56,n,z",332013.0,1.34.0-wmf.6,385,2,Antoine Musso,68699,0,1,0,167018
2019-05-18 06:38:39,2019-05-19 08:17:11,8,2,10,2,"https://gerrit.wikimedia.org/r/#/q/177211eb,n,z",92312.0,1.34.0-wmf.6,385,2,Antoine Musso,68699,0,1,0,167018
2019-05-17 12:11:42,2019-05-18 07:44:59,8,0,8,5,"https://gerrit.wikimedia.org/r/#/q/e5e09b48,n,z",70397.0,1.34.0-wmf.6,385,2,Antoine Musso,68699,0,1,0,167018
2019-05-15 14:16:46,2019-05-18 08:02:09,1,14,15,2,"https://gerrit.wikimedia.org/r/#/q/0bffecb8,n,z",236723.0,1.34.0-wmf.6,385,2,Antoine Musso,68699,0,1,0,167018
2019-05-17 15:09:30,2019-05-20 20:05:38,7,7,14,1,"https://gerrit.wikimedia.org/r/#/q/4be202e5,n,z",276968.0,1.34.0-wmf.6,385,2,Antoine Musso,68699,0,1,0,167018
2019-05-17 15:00:10,2019-05-19 07:54:47,5,5,10,1,"https://gerrit.wikimedia.org/r/#/q/65c42a60,n,z",147277.0,1.34.0-wmf.6,385,2,Antoine Musso,68699,0,1,0,167018
2019-05-17 14:56:44,2019-05-19 08:18:37,8,8,16,1,"https://gerrit.wikimedia.org/r/#/q/3a66680e,n,z",148913.0,1.34.0-wmf.6,385,2,Antoine Musso,68699,0,1,0,167018
2019-05-17 14:49:44,2019-05-19 07:54:41,0,10,10,1,"https://gerrit.wikimedia.org/r/#/q/e9044fe5,n,z",147897.0,1.34.0-wmf.6,385,2,Antoine Musso,68699,0,1,0,167018
2019-05-17 14:42:21,2019-05-17 15:13:19,14,2,16,1,"https://gerrit.wikimedia.org/r/#/q/723db87d,n,z",1858.0,1.34.0-wmf.6,385,2,Antoine Musso,68699,0,1,0,167018
2018-10-10 01:47:37,2019-05-17 15:13:08,2,34,36,4,"https://gerrit.wikimedia.org/r/#/q/dfff6555,n,z",18969931.0,1.34.0-wmf.6,385,2,Antoine Musso,68699,0,1,0,167018
2019-05-17 13:32:48,2019-05-17 14:01:27,1,1,2,1,"https://gerrit.wikimedia.org/r/#/q/144f40a4,n,z",1719.0,1.34.0-wmf.6,385,2,Antoine Musso,68699,0,1,0,167018
2019-05-17 05:36:24,2019-05-17 12:17:04,10,7,17,1,"https://gerrit.wikimedia.org/r/#/q/79de0a4e,n,z",24040.0,1.34.0-wmf.6,385,2,Antoine Musso,68699,0,1,0,167018
2019-05-15 02:51:10,2019-05-17 10:01:41,20,11,31,1,"https://gerrit.wikimedia.org/r/#/q/a1389b60,n,z",198631.0,1.34.0-wmf.6,385,2,Antoine Musso,68699,0,1,0,167018
2019-03-07 11:38:50,2019-05-16 22:51:15,5,1,6,7,"https://gerrit.wikimedia.org/r/#/q/855b1794,n,z",6088345.0,1.34.0-wmf.6,385,2,Antoine Musso,68699,0,1,0,167018
2019-05-16 12:26:10,2019-05-16 15:14:51,1,1,2,1,"https://gerrit.wikimedia.org/r/#/q/a9f59195,n,z",10121.0,1.34.0-wmf.6,385,2,Antoine Musso,68699,0,1,0,167018
2019-05-16 09:52:49,2019-05-16 10:48:15,2,1,3,3,"https://gerrit.wikimedia.org/r/#/q/634f0159,n,z",3326.0,1.34.0-wmf.6,385,2,Antoine Musso,68699,0,1,0,167018
2018-09-20 14:58:56,2019-05-16 16:26:03,12,6,18,1,"https://gerrit.wikimedia.org/r/#/q/fb92bb21,n,z",20568427.0,1.34.0-wmf.6,385,2,Antoine Musso,68699,0,1,0,167018
2019-05-15 20:31:57,2019-05-15 21:09:27,0,4,4,1,"https://gerrit.wikimedia.org/r/#/q/6c72a4d4,n,z",2250.0,1.34.0-wmf.6,385,2,Antoine Musso,68699,0,1,0,167018
2019-05-15 14:18:04,2019-05-17 21:13:43,1,1,2,2,"https://gerrit.wikimedia.org/r/#/q/09567cc3,n,z",197739.0,1.34.0-wmf.6,385,2,Antoine Musso,68699,0,1,0,167018
2019-04-22 20:35:10,2019-05-15 08:06:42,25,3,28,8,"https://gerrit.wikimedia.org/r/#/q/01c2e25f,n,z",1942292.0,1.34.0-wmf.6,385,2,Antoine Musso,68699,0,1,0,167018
2019-05-15 07:16:39,2019-05-15 18:02:59,3,2,5,4,"https://gerrit.wikimedia.org/r/#/q/5deab781,n,z",38780.0,1.34.0-wmf.6,385,2,Antoine Musso,68699,0,1,0,167018
2019-05-14 05:46:51,2019-05-18 09:01:36,30,13,43,1,"https://gerrit.wikimedia.org/r/#/q/616b6176,n,z",357285.0,1.34.0-wmf.6,385,2,Antoine Musso,68699,0,1,0,167018
2019-05-15 07:16:39,2019-05-15 18:02:49,1,1,2,1,"https://gerrit.wikimedia.org/r/#/q/1e5ff7f5,n,z",38770.0,1.34.0-wmf.6,385,2,Antoine Musso,68699,0,1,0,167018
2019-05-06 21:52:42,2019-05-14 18:47:25,8,14,22,3,"https://gerrit.wikimedia.org/r/#/q/7630e2bd,n,z",680083.0,1.34.0-wmf.6,385,2,Antoine Musso,68699,0,1,0,167018
2019-05-14 15:56:09,2019-05-14 17:47:45,1,31,32,1,"https://gerrit.wikimedia.org/r/#/q/489370cf,n,z",6696.0,1.34.0-wmf.6,385,2,Antoine Musso,68699,0,1,0,167018
2019-05-14 12:44:29,2019-05-14 14:51:55,3,3,6,1,"https://gerrit.wikimedia.org/r/#/q/28432131,n,z",7646.0,1.34.0-wmf.6,385,2,Antoine Musso,68699,0,1,0,167018
2019-05-14 11:30:20,2019-05-14 12:52:39,1,1,2,6,"https://gerrit.wikimedia.org/r/#/q/facddc48,n,z",4939.0,1.34.0-wmf.6,385,2,Antoine Musso,68699,0,1,0,167018
2019-05-13 11:09:47,2019-05-17 14:52:20,9,10,19,5,"https://gerrit.wikimedia.org/r/#/q/460bcf81,n,z",358953.0,1.34.0-wmf.6,385,2,Antoine Musso,68699,0,1,0,167018
2019-05-13 09:30:38,2019-05-15 11:20:03,1,1,2,4,"https://gerrit.wikimedia.org/r/#/q/c00c1f0b,n,z",179365.0,1.34.0-wmf.6,385,2,Antoine Musso,68699,0,1,0,167018
2019-03-26 18:50:40,2019-05-20 05:06:11,11,4,15,1,"https://gerrit.wikimedia.org/r/#/q/2fcaf74b,n,z",4702531.0,1.34.0-wmf.6,385,2,Antoine Musso,68699,0,1,0,167018
2019-03-26 18:21:54,2019-05-20 05:14:47,12,0,12,1,"https://gerrit.wikimedia.org/r/#/q/8f1d9e17,n,z",4704773.0,1.34.0-wmf.6,385,2,Antoine Musso,68699,0,1,0,167018
2019-04-04 10:12:54,2019-05-19 08:03:45,37,24,61,50,"https://gerrit.wikimedia.org/r/#/q/212d303e,n,z",3880251.0,1.34.0-wmf.6,385,2,Antoine Musso,68699,0,1,0,167018
2019-04-30 21:08:45,2019-05-18 14:36:59,0,2,2,1,"https://gerrit.wikimedia.org/r/#/q/692dc53a,n,z",1531694.0,1.34.0-wmf.6,385,2,Antoine Musso,68699,0,1,0,167018
2019-04-30 21:08:45,2019-05-18 14:37:06,0,2,2,1,"https://gerrit.wikimedia.org/r/#/q/757ab7b1,n,z",1531701.0,1.34.0-wmf.6,385,2,Antoine Musso,68699,0,1,0,167018
2019-04-15 15:32:47,2019-05-19 13:12:03,0,3,3,4,"https://gerrit.wikimedia.org/r/#/q/deefc675,n,z",2929156.0,1.34.0-wmf.6,385,2,Antoine Musso,68699,0,1,0,167018
2019-02-12 01:18:16,2019-05-18 14:36:50,219,141,360,8,"https://gerrit.wikimedia.org/r/#/q/75d2167f,n,z",8255914.0,1.34.0-wmf.6,385,2,Antoine Musso,68699,0,1,0,167018
2019-05-11 01:40:17,2019-05-18 13:28:46,36,15,51,1,"https://gerrit.wikimedia.org/r/#/q/084aa64b,n,z",647309.0,1.34.0-wmf.6,385,2,Antoine Musso,68699,0,1,0,167018
2019-05-11 01:40:17,2019-05-18 13:25:23,15,15,30,1,"https://gerrit.wikimedia.org/r/#/q/57233037,n,z",647106.0,1.34.0-wmf.6,385,2,Antoine Musso,68699,0,1,0,167018
2019-05-19 10:34:51,2019-05-19 11:34:22,4,1,5,1,"https://gerrit.wikimedia.org/r/#/q/f6214ff4,n,z",3571.0,1.34.0-wmf.6,385,2,Antoine Musso,68699,0,1,0,167018
2019-05-18 08:56:13,2019-05-18 12:27:49,4,1,5,1,"https://gerrit.wikimedia.org/r/#/q/291c35ce,n,z",12696.0,1.34.0-wmf.6,385,2,Antoine Musso,68699,0,1,0,167018
2019-05-15 18:39:45,2019-05-18 09:01:48,13,9,22,3,"https://gerrit.wikimedia.org/r/#/q/1c5accd9,n,z",224523.0,1.34.0-wmf.6,385,2,Antoine Musso,68699,0,1,0,167018
2019-05-15 15:36:02,2019-05-16 15:19:22,2,3,5,5,"https://gerrit.wikimedia.org/r/#/q/aba489a1,n,z",85400.0,1.34.0-wmf.6,385,2,Antoine Musso,68699,0,1,0,167018
2019-05-16 13:50:12,2019-05-19 17:13:10,7,1,8,1,"https://gerrit.wikimedia.org/r/#/q/44632f21,n,z",271378.0,1.34.0-wmf.6,385,2,Antoine Musso,68699,0,1,0,167018
2019-05-15 16:57:46,2019-05-15 19:42:41,4,2,6,1,"https://gerrit.wikimedia.org/r/#/q/311f68f6,n,z",9895.0,1.34.0-wmf.6,385,2,Antoine Musso,68699,0,1,0,167018
2019-05-15 14:15:25,2019-05-15 15:06:18,5,10,15,1,"https://gerrit.wikimedia.org/r/#/q/c6f20a64,n,z",3053.0,1.34.0-wmf.6,385,2,Antoine Musso,68699,0,1,0,167018
2019-05-15 14:13:31,2019-05-15 15:06:20,3,7,10,1,"https://gerrit.wikimedia.org/r/#/q/3dece9ef,n,z",3169.0,1.34.0-wmf.6,385,2,Antoine Musso,68699,0,1,0,167018
2019-05-15 14:08:13,2019-05-15 14:46:18,0,12,12,1,"https://gerrit.wikimedia.org/r/#/q/fa3ce908,n,z",2285.0,1.34.0-wmf.6,385,2,Antoine Musso,68699,0,1,0,167018
2019-05-02 19:43:25,2019-05-14 13:33:39,9,4,13,6,"https://gerrit.wikimedia.org/r/#/q/f23905c4,n,z",1014614.0,1.34.0-wmf.6,385,2,Antoine Musso,68699,0,1,0,167018
2019-01-27 12:54:25,2019-05-19 17:20:23,33,27,60,2,"https://gerrit.wikimedia.org/r/#/q/45166627,n,z",9692758.0,1.34.0-wmf.6,385,2,Antoine Musso,68699,0,1,0,167018
2019-05-19 11:02:24,2019-05-19 11:23:32,1,1,2,1,"https://gerrit.wikimedia.org/r/#/q/fbd7a23f,n,z",1268.0,1.34.0-wmf.6,385,2,Antoine Musso,68699,0,1,0,167018
2019-05-18 09:01:27,2019-05-18 18:11:07,1,1,2,3,"https://gerrit.wikimedia.org/r/#/q/892805be,n,z",32980.0,1.34.0-wmf.6,385,2,Antoine Musso,68699,0,1,0,167018
2019-05-18 11:03:34,2019-05-18 12:27:54,56,5,61,2,"https://gerrit.wikimedia.org/r/#/q/95172f31,n,z",5060.0,1.34.0-wmf.6,385,2,Antoine Musso,68699,0,1,0,167018
2018-09-13 17:02:06,2019-05-18 09:26:31,1618,218,1836,11,"https://gerrit.wikimedia.org/r/#/q/29b5ad8d,n,z",21313465.0,1.34.0-wmf.6,385,2,Antoine Musso,68699,0,1,0,167018
2019-05-14 11:00:36,2019-05-14 18:12:39,19,2,21,1,"https://gerrit.wikimedia.org/r/#/q/974f4ada,n,z",25923.0,1.34.0-wmf.6,385,2,Antoine Musso,68699,0,1,0,167018
2019-03-29 16:36:31,2019-05-15 21:50:03,7,3,10,2,"https://gerrit.wikimedia.org/r/#/q/ed25ca45,n,z",4079612.0,1.34.0-wmf.6,385,2,Antoine Musso,68699,0,1,0,167018
2019-05-19 11:05:42,2019-05-19 11:44:42,1,1,2,1,"https://gerrit.wikimedia.org/r/#/q/41997ca7,n,z",2340.0,1.34.0-wmf.6,385,2,Antoine Musso,68699,0,1,0,167018
2019-05-19 11:05:57,2019-05-19 11:18:45,1,1,2,1,"https://gerrit.wikimedia.org/r/#/q/a55a0ece,n,z",768.0,1.34.0-wmf.6,385,2,Antoine Musso,68699,0,1,0,167018
2019-05-19 14:27:49,2019-05-20 04:56:54,0,0,0,1,"https://gerrit.wikimedia.org/r/#/q/698171ea,n,z",52145.0,1.34.0-wmf.6,385,2,Antoine Musso,68699,0,1,0,167018
2019-05-19 11:06:24,2019-05-19 11:23:31,1,1,2,1,"https://gerrit.wikimedia.org/r/#/q/94405dc8,n,z",1027.0,1.34.0-wmf.6,385,2,Antoine Musso,68699,0,1,0,167018
2019-05-19 11:06:44,2019-05-19 12:18:39,1,1,2,1,"https://gerrit.wikimedia.org/r/#/q/1d642f06,n,z",4315.0,1.34.0-wmf.6,385,2,Antoine Musso,68699,0,1,0,167018
2019-05-19 11:07:01,2019-05-19 11:49:38,2,1,3,1,"https://gerrit.wikimedia.org/r/#/q/b7cb6346,n,z",2557.0,1.34.0-wmf.6,385,2,Antoine Musso,68699,0,1,0,167018
2019-05-19 11:07:14,2019-05-19 11:44:32,1,1,2,1,"https://gerrit.wikimedia.org/r/#/q/6aebcc75,n,z",2238.0,1.34.0-wmf.6,385,2,Antoine Musso,68699,0,1,0,167018
2019-05-19 11:07:28,2019-05-19 17:18:30,2,1,3,4,"https://gerrit.wikimedia.org/r/#/q/fb2dcbd5,n,z",22262.0,1.34.0-wmf.6,385,2,Antoine Musso,68699,0,1,0,167018
2019-05-19 11:07:44,2019-05-19 11:44:39,1,1,2,1,"https://gerrit.wikimedia.org/r/#/q/2cee299b,n,z",2215.0,1.34.0-wmf.6,385,2,Antoine Musso,68699,0,1,0,167018
2019-05-19 11:07:59,2019-05-19 12:18:41,2,1,3,1,"https://gerrit.wikimedia.org/r/#/q/b7d57900,n,z",4242.0,1.34.0-wmf.6,385,2,Antoine Musso,68699,0,1,0,167018
2019-05-19 11:08:14,2019-05-19 11:44:40,2,1,3,1,"https://gerrit.wikimedia.org/r/#/q/046944ff,n,z",2186.0,1.34.0-wmf.6,385,2,Antoine Musso,68699,0,1,0,167018
2019-05-19 11:08:28,2019-05-19 11:44:34,1,1,2,1,"https://gerrit.wikimedia.org/r/#/q/c15fc038,n,z",2166.0,1.34.0-wmf.6,385,2,Antoine Musso,68699,0,1,0,167018
2019-05-16 19:50:22,2019-05-18 09:26:34,5,2,7,2,"https://gerrit.wikimedia.org/r/#/q/0bebd426,n,z",135372.0,1.34.0-wmf.6,385,2,Antoine Musso,68699,0,1,0,167018
2019-02-08 21:09:44,2019-05-20 05:25:25,5,1,6,2,"https://gerrit.wikimedia.org/r/#/q/fbf23bdb,n,z",8669741.0,1.34.0-wmf.6,385,2,Antoine Musso,68699,0,1,0,167018
2019-05-19 11:08:59,2019-05-19 11:44:36,1,1,2,1,"https://gerrit.wikimedia.org/r/#/q/ebced1ee,n,z",2137.0,1.34.0-wmf.6,385,2,Antoine Musso,68699,0,1,0,167018
2019-05-19 11:09:13,2019-05-19 12:06:47,1,1,2,1,"https://gerrit.wikimedia.org/r/#/q/08a26dcf,n,z",3454.0,1.34.0-wmf.6,385,2,Antoine Musso,68699,0,1,0,167018
2019-05-15 13:50:17,2019-05-20 17:23:29,57,22,79,7,"https://gerrit.wikimedia.org/r/#/q/934c62cb,n,z",444792.0,1.34.0-wmf.6,385,2,Antoine Musso,68699,0,1,0,167018
2019-05-19 11:09:39,2019-05-20 12:25:01,9,10,19,11,"https://gerrit.wikimedia.org/r/#/q/8979c297,n,z",90922.0,1.34.0-wmf.6,385,2,Antoine Musso,68699,0,1,0,167018
2019-05-17 12:25:41,2019-05-20 14:17:45,11,13,24,2,"https://gerrit.wikimedia.org/r/#/q/dd7b40c3,n,z",265924.0,1.34.0-wmf.6,385,2,Antoine Musso,68699,0,1,0,167018
2019-05-16 15:07:15,2019-05-16 15:36:42,2,1,3,2,"https://gerrit.wikimedia.org/r/#/q/7a735027,n,z",1767.0,1.34.0-wmf.6,385,2,Antoine Musso,68699,0,1,0,167018
2019-05-16 15:04:15,2019-05-16 15:30:36,2,2,4,2,"https://gerrit.wikimedia.org/r/#/q/d4c7c7f6,n,z",1581.0,1.34.0-wmf.6,385,2,Antoine Musso,68699,0,1,0,167018
2019-05-16 14:39:42,2019-05-16 14:57:50,2,2,4,2,"https://gerrit.wikimedia.org/r/#/q/ea829f11,n,z",1088.0,1.34.0-wmf.6,385,2,Antoine Musso,68699,0,1,0,167018
2019-05-15 14:58:59,2019-05-16 14:51:52,10,14,24,5,"https://gerrit.wikimedia.org/r/#/q/92490662,n,z",85973.0,1.34.0-wmf.6,385,2,Antoine Musso,68699,0,1,0,167018
2019-05-15 14:57:32,2019-05-17 12:28:19,5,18,23,5,"https://gerrit.wikimedia.org/r/#/q/fb053386,n,z",163847.0,1.34.0-wmf.6,385,2,Antoine Musso,68699,0,1,0,167018
2019-05-15 14:52:11,2019-05-16 10:12:19,3,39,42,2,"https://gerrit.wikimedia.org/r/#/q/3fad7905,n,z",69608.0,1.34.0-wmf.6,385,2,Antoine Musso,68699,0,1,0,167018
2019-05-15 05:15:34,2019-05-15 15:21:15,1,1,2,3,"https://gerrit.wikimedia.org/r/#/q/4c53360e,n,z",36341.0,1.34.0-wmf.6,385,2,Antoine Musso,68699,0,1,0,167018
2019-05-19 11:10:00,2019-05-19 11:54:12,2,1,3,1,"https://gerrit.wikimedia.org/r/#/q/f1eda9b6,n,z",2652.0,1.34.0-wmf.6,385,2,Antoine Musso,68699,0,1,0,167018
2019-05-19 11:10:25,2019-05-19 12:06:49,1,1,2,1,"https://gerrit.wikimedia.org/r/#/q/e1192c5d,n,z",3384.0,1.34.0-wmf.6,385,2,Antoine Musso,68699,0,1,0,167018
2019-05-19 11:10:37,2019-05-19 11:44:38,1,1,2,1,"https://gerrit.wikimedia.org/r/#/q/967ddd3e,n,z",2041.0,1.34.0-wmf.6,385,2,Antoine Musso,68699,0,1,0,167018
2019-05-18 15:28:33,2019-05-18 17:29:21,8,0,8,1,"https://gerrit.wikimedia.org/r/#/q/bbc13b11,n,z",7248.0,1.34.0-wmf.6,385,2,Antoine Musso,68699,0,1,0,167018
2019-05-17 12:37:22,2019-05-17 14:23:08,6,0,6,1,"https://gerrit.wikimedia.org/r/#/q/a5b53f08,n,z",6346.0,1.34.0-wmf.6,385,2,Antoine Musso,68699,0,1,0,167018
2019-05-19 11:11:17,2019-05-19 11:34:23,1,1,2,1,"https://gerrit.wikimedia.org/r/#/q/7c88fb99,n,z",1386.0,1.34.0-wmf.6,385,2,Antoine Musso,68699,0,1,0,167018
2019-05-14 10:00:49,2019-05-14 17:28:09,3,3,6,1,"https://gerrit.wikimedia.org/r/#/q/f3c7651e,n,z",26840.0,1.34.0-wmf.6,385,2,Antoine Musso,68699,0,1,0,167018
2019-05-14 09:56:24,2019-05-20 19:31:27,2,8,10,5,"https://gerrit.wikimedia.org/r/#/q/dff1e746,n,z",552903.0,1.34.0-wmf.6,385,2,Antoine Musso,68699,0,1,0,167018
2019-05-14 09:55:03,2019-05-14 10:58:44,2,2,4,1,"https://gerrit.wikimedia.org/r/#/q/29f84a35,n,z",3821.0,1.34.0-wmf.6,385,2,Antoine Musso,68699,0,1,0,167018
2019-05-19 11:10:51,2019-05-19 12:18:55,1,1,2,1,"https://gerrit.wikimedia.org/r/#/q/bb75af7b,n,z",4084.0,1.34.0-wmf.6,385,2,Antoine Musso,68699,0,1,0,167018
2019-05-19 11:11:04,2019-05-19 11:44:31,1,1,2,1,"https://gerrit.wikimedia.org/r/#/q/f3b60f57,n,z",2007.0,1.34.0-wmf.6,385,2,Antoine Musso,68699,0,1,0,167018
2019-04-13 21:46:40,2019-05-15 21:25:46,8,1,9,1,"https://gerrit.wikimedia.org/r/#/q/d1a3e492,n,z",2763546.0,1.34.0-wmf.6,385,2,Antoine Musso,68699,0,1,0,167018
2019-05-19 11:11:34,2019-05-19 12:18:42,2,1,3,1,"https://gerrit.wikimedia.org/r/#/q/6faf378f,n,z",4028.0,1.34.0-wmf.6,385,2,Antoine Musso,68699,0,1,0,167018
2019-05-18 17:06:32,2019-05-18 18:22:45,17,18,35,1,"https://gerrit.wikimedia.org/r/#/q/d595edec,n,z",4573.0,1.34.0-wmf.6,385,2,Antoine Musso,68699,0,1,0,167018
2017-01-19 01:14:48,2019-05-18 12:09:15,263,283,546,30,"https://gerrit.wikimedia.org/r/#/q/5065ce08,n,z",73392867.0,1.34.0-wmf.6,385,2,Antoine Musso,68699,0,1,0,167018
2019-05-18 10:51:28,2019-05-18 11:27:05,15,0,15,1,"https://gerrit.wikimedia.org/r/#/q/db1178f1,n,z",2137.0,1.34.0-wmf.6,385,2,Antoine Musso,68699,0,1,0,167018
2019-05-18 00:24:35,2019-05-18 11:23:50,11,12,23,6,"https://gerrit.wikimedia.org/r/#/q/3299642a,n,z",39555.0,1.34.0-wmf.6,385,2,Antoine Musso,68699,0,1,0,167018
2019-05-17 22:59:23,2019-05-18 08:20:57,262,265,527,2,"https://gerrit.wikimedia.org/r/#/q/351cab75,n,z",33694.0,1.34.0-wmf.6,385,2,Antoine Musso,68699,0,1,0,167018
2019-05-15 14:46:14,2019-05-15 23:39:22,2,7,9,1,"https://gerrit.wikimedia.org/r/#/q/9c3080e3,n,z",31988.0,1.34.0-wmf.6,385,2,Antoine Musso,68699,0,1,0,167018
2019-05-18 19:27:24,2019-05-19 08:04:52,2,2,4,1,"https://gerrit.wikimedia.org/r/#/q/a46515f7,n,z",45448.0,1.34.0-wmf.6,385,2,Antoine Musso,68699,0,1,0,167018
2019-05-10 16:15:10,2019-05-20 05:24:20,2,1,3,1,"https://gerrit.wikimedia.org/r/#/q/91108698,n,z",824950.0,1.34.0-wmf.6,385,2,Antoine Musso,68699,0,1,0,167018
2019-05-19 11:11:53,2019-05-19 12:18:44,1,1,2,1,"https://gerrit.wikimedia.org/r/#/q/fdd31697,n,z",4011.0,1.34.0-wmf.6,385,2,Antoine Musso,68699,0,1,0,167018
2019-05-19 11:12:08,2019-05-19 12:18:49,2,1,3,1,"https://gerrit.wikimedia.org/r/#/q/ea40fc82,n,z",4001.0,1.34.0-wmf.6,385,2,Antoine Musso,68699,0,1,0,167018
2019-05-09 09:26:00,2019-05-21 10:32:36,88,6,94,11,"https://gerrit.wikimedia.org/r/#/q/c5b3df70,n,z",1040796.0,1.34.0-wmf.6,385,2,Antoine Musso,68699,0,1,0,167018
2018-11-12 07:23:27,2019-05-21 06:53:29,172,1,173,12,"https://gerrit.wikimedia.org/r/#/q/1f0c15da,n,z",16414202.0,1.34.0-wmf.6,385,2,Antoine Musso,68699,0,1,0,167018
2019-05-17 01:00:29,2019-05-20 07:44:14,15,47,62,1,"https://gerrit.wikimedia.org/r/#/q/ba72885c,n,z",283425.0,1.34.0-wmf.6,385,2,Antoine Musso,68699,0,1,0,167018
2019-05-17 21:00:12,2019-05-20 07:32:35,18,20,38,1,"https://gerrit.wikimedia.org/r/#/q/a720860e,n,z",210743.0,1.34.0-wmf.6,385,2,Antoine Musso,68699,0,1,0,167018
2019-05-18 04:34:17,2019-05-20 07:20:12,1,0,1,2,"https://gerrit.wikimedia.org/r/#/q/16c7f13c,n,z",182755.0,1.34.0-wmf.6,385,2,Antoine Musso,68699,0,1,0,167018
2019-05-18 10:33:19,2019-05-18 12:55:57,5,2,7,1,"https://gerrit.wikimedia.org/r/#/q/847e4637,n,z",8558.0,1.34.0-wmf.6,385,2,Antoine Musso,68699,0,1,0,167018
2019-05-17 19:10:53,2019-05-18 07:38:38,1,1,2,3,"https://gerrit.wikimedia.org/r/#/q/ae7bda6d,n,z",44865.0,1.34.0-wmf.6,385,2,Antoine Musso,68699,0,1,0,167018
2019-05-17 19:03:29,2019-05-17 20:47:22,0,2,2,1,"https://gerrit.wikimedia.org/r/#/q/b958ae6d,n,z",6233.0,1.34.0-wmf.6,385,2,Antoine Musso,68699,0,1,0,167018
2019-05-17 13:34:55,2019-05-17 14:58:03,2,2,4,1,"https://gerrit.wikimedia.org/r/#/q/e38542b4,n,z",4988.0,1.34.0-wmf.6,385,2,Antoine Musso,68699,0,1,0,167018
2019-05-16 23:06:13,2019-05-17 13:51:43,5,5,10,1,"https://gerrit.wikimedia.org/r/#/q/a26acfb6,n,z",53130.0,1.34.0-wmf.6,385,2,Antoine Musso,68699,0,1,0,167018
2019-04-21 18:53:59,2019-05-15 05:17:56,20,10,30,8,"https://gerrit.wikimedia.org/r/#/q/f5cd3dc6,n,z",2024637.0,1.34.0-wmf.6,385,2,Antoine Musso,68699,0,1,0,167018
2019-05-14 18:03:36,2019-05-15 05:12:48,7,1,8,1,"https://gerrit.wikimedia.org/r/#/q/2d678338,n,z",40152.0,1.34.0-wmf.6,385,2,Antoine Musso,68699,0,1,0,167018
2019-05-14 09:30:35,2019-05-15 04:46:10,4,4,8,1,"https://gerrit.wikimedia.org/r/#/q/c4863eec,n,z",69335.0,1.34.0-wmf.6,385,2,Antoine Musso,68699,0,1,0,167018
2019-05-14 11:17:45,2019-05-14 12:26:35,35,24,59,1,"https://gerrit.wikimedia.org/r/#/q/92832096,n,z",4130.0,1.34.0-wmf.6,385,2,Antoine Musso,68699,0,1,0,167018
2019-05-08 09:44:27,2019-05-14 11:35:10,10,1,11,5,"https://gerrit.wikimedia.org/r/#/q/a7b9da43,n,z",525043.0,1.34.0-wmf.6,385,2,Antoine Musso,68699,0,1,0,167018
2019-05-14 06:19:39,2019-05-14 11:35:08,243,272,515,1,"https://gerrit.wikimedia.org/r/#/q/6bdf0e2c,n,z",18929.0,1.34.0-wmf.6,385,2,Antoine Musso,68699,0,1,0,167018
2019-05-19 11:12:23,2019-05-19 12:18:47,1,1,2,1,"https://gerrit.wikimedia.org/r/#/q/b07f615b,n,z",3984.0,1.34.0-wmf.6,385,2,Antoine Musso,68699,0,1,0,167018
2019-05-19 11:12:37,2019-05-19 14:15:35,2,1,3,4,"https://gerrit.wikimedia.org/r/#/q/31bf492b,n,z",10978.0,1.34.0-wmf.6,385,2,Antoine Musso,68699,0,1,0,167018
2019-05-19 11:12:51,2019-05-19 12:18:52,1,1,2,1,"https://gerrit.wikimedia.org/r/#/q/ee19735a,n,z",3961.0,1.34.0-wmf.6,385,2,Antoine Musso,68699,0,1,0,167018
2019-05-19 11:13:05,2019-05-19 12:18:50,2,1,3,1,"https://gerrit.wikimedia.org/r/#/q/091baafd,n,z",3945.0,1.34.0-wmf.6,385,2,Antoine Musso,68699,0,1,0,167018
2019-05-20 17:12:02,2019-05-20 20:05:44,0,8,8,1,"https://gerrit.wikimedia.org/r/#/q/885b0f10,n,z",10422.0,1.34.0-wmf.6,385,2,Antoine Musso,68699,0,1,0,167018
2019-05-13 21:38:03,2019-05-15 12:50:11,0,4,4,1,"https://gerrit.wikimedia.org/r/#/q/1e98de27,n,z",141128.0,1.34.0-wmf.6,385,2,Antoine Musso,68699,0,1,0,167018
2019-05-19 11:13:20,2019-05-19 12:18:57,1,1,2,1,"https://gerrit.wikimedia.org/r/#/q/023a2032,n,z",3937.0,1.34.0-wmf.6,385,2,Antoine Musso,68699,0,1,0,167018
2019-05-19 11:13:50,2019-05-19 12:18:53,1,1,2,1,"https://gerrit.wikimedia.org/r/#/q/b52858e2,n,z",3903.0,1.34.0-wmf.6,385,2,Antoine Musso,68699,0,1,0,167018
2019-05-19 11:15:22,2019-05-19 12:19:01,1,1,2,1,"https://gerrit.wikimedia.org/r/#/q/e8bc4821,n,z",3819.0,1.34.0-wmf.6,385,2,Antoine Musso,68699,0,1,0,167018
2019-05-20 15:24:11,2019-05-21 09:58:55,0,1,1,3,"https://gerrit.wikimedia.org/r/#/q/e3ae1a62,n,z",66884.0,1.34.0-wmf.6,385,2,Antoine Musso,68699,0,1,0,167018
2019-05-19 11:14:09,2019-05-19 13:12:01,2,2,4,7,"https://gerrit.wikimedia.org/r/#/q/980e67d3,n,z",7072.0,1.34.0-wmf.6,385,2,Antoine Musso,68699,0,1,0,167018
2019-05-18 15:38:05,2019-05-19 08:41:34,0,22,22,1,"https://gerrit.wikimedia.org/r/#/q/b31119ea,n,z",61409.0,1.34.0-wmf.6,385,2,Antoine Musso,68699,0,1,0,167018
2019-05-14 16:48:36,2019-05-14 22:58:10,2,0,2,3,"https://gerrit.wikimedia.org/r/#/q/e446f8aa,n,z",22174.0,1.34.0-wmf.6,385,2,Antoine Musso,68699,0,1,0,167018
2019-05-19 11:14:33,2019-05-19 15:52:21,2,1,3,2,"https://gerrit.wikimedia.org/r/#/q/c167915c,n,z",16668.0,1.34.0-wmf.6,385,2,Antoine Musso,68699,0,1,0,167018
2019-05-19 11:14:45,2019-05-19 12:18:59,1,1,2,1,"https://gerrit.wikimedia.org/r/#/q/8c743e18,n,z",3854.0,1.34.0-wmf.6,385,2,Antoine Musso,68699,0,1,0,167018
2019-05-19 11:15:03,2019-05-19 15:56:46,1,1,2,2,"https://gerrit.wikimedia.org/r/#/q/04c123e9,n,z",16903.0,1.34.0-wmf.6,385,2,Antoine Musso,68699,0,1,0,167018
2019-05-16 18:15:50,2019-05-21 11:48:57,8,5,13,2,"https://gerrit.wikimedia.org/r/#/q/cdfadde2,n,z",408787.0,1.34.0-wmf.6,385,2,Antoine Musso,68699,0,1,0,167018
2019-05-14 15:53:14,2019-05-16 11:53:31,281,147,428,8,"https://gerrit.wikimedia.org/r/#/q/4a15e345,n,z",158417.0,1.34.0-wmf.6,385,2,Antoine Musso,68699,0,1,0,167018
2019-05-20 15:45:24,2019-05-21 09:07:28,0,3,3,2,"https://gerrit.wikimedia.org/r/#/q/5fe517f9,n,z",62524.0,1.34.0-wmf.6,385,2,Antoine Musso,68699,0,1,0,167018
2019-05-18 16:10:22,2019-05-19 12:54:23,2,6,8,1,"https://gerrit.wikimedia.org/r/#/q/790f6523,n,z",74641.0,1.34.0-wmf.6,385,2,Antoine Musso,68699,0,1,0,167018
2019-05-19 11:15:53,2019-05-19 12:19:24,1,1,2,1,"https://gerrit.wikimedia.org/r/#/q/5b10672b,n,z",3811.0,1.34.0-wmf.6,385,2,Antoine Musso,68699,0,1,0,167018
2019-05-19 11:16:07,2019-05-19 12:26:22,1,1,2,1,"https://gerrit.wikimedia.org/r/#/q/db8e141e,n,z",4215.0,1.34.0-wmf.6,385,2,Antoine Musso,68699,0,1,0,167018
2019-05-19 11:16:23,2019-05-19 12:19:26,1,1,2,1,"https://gerrit.wikimedia.org/r/#/q/8c3ff829,n,z",3783.0,1.34.0-wmf.6,385,2,Antoine Musso,68699,0,1,0,167018
2019-05-19 11:16:36,2019-05-19 12:22:37,3,1,4,2,"https://gerrit.wikimedia.org/r/#/q/e2b43511,n,z",3961.0,1.34.0-wmf.6,385,2,Antoine Musso,68699,0,1,0,167018
2019-05-17 10:22:29,2019-05-21 10:27:21,3,0,3,3,"https://gerrit.wikimedia.org/r/#/q/fcd180e2,n,z",345892.0,1.34.0-wmf.6,385,2,Antoine Musso,68699,0,1,0,167018
2019-05-17 12:58:15,2019-05-20 10:59:02,40,39,79,2,"https://gerrit.wikimedia.org/r/#/q/d497e904,n,z",252047.0,1.34.0-wmf.6,385,2,Antoine Musso,68699,0,1,0,167018
2019-05-19 11:16:52,2019-05-19 17:18:29,1,1,2,4,"https://gerrit.wikimedia.org/r/#/q/6dcc9389,n,z",21697.0,1.34.0-wmf.6,385,2,Antoine Musso,68699,0,1,0,167018
2019-05-17 12:36:43,2019-05-20 09:59:52,29,40,69,2,"https://gerrit.wikimedia.org/r/#/q/8b248263,n,z",249789.0,1.34.0-wmf.6,385,2,Antoine Musso,68699,0,1,0,167018
2019-05-17 12:07:15,2019-05-18 14:37:18,66,0,66,2,"https://gerrit.wikimedia.org/r/#/q/0b4aeb55,n,z",95403.0,1.34.0-wmf.6,385,2,Antoine Musso,68699,0,1,0,167018
2019-05-15 10:08:57,2019-05-17 12:09:42,53,15,68,4,"https://gerrit.wikimedia.org/r/#/q/d8f7a0c2,n,z",180045.0,1.34.0-wmf.6,385,2,Antoine Musso,68699,0,1,0,167018
2019-05-16 12:41:30,2019-05-16 15:30:38,5,4,9,1,"https://gerrit.wikimedia.org/r/#/q/58e6e521,n,z",10148.0,1.34.0-wmf.6,385,2,Antoine Musso,68699,0,1,0,167018
2019-05-13 12:34:30,2019-05-16 14:35:06,82,87,169,11,"https://gerrit.wikimedia.org/r/#/q/53a66c88,n,z",266436.0,1.34.0-wmf.6,385,2,Antoine Musso,68699,0,1,0,167018
2019-05-15 17:22:36,2019-05-16 15:19:24,7,25,32,1,"https://gerrit.wikimedia.org/r/#/q/0c38e0c5,n,z",79008.0,1.34.0-wmf.6,385,2,Antoine Musso,68699,0,1,0,167018
2019-05-15 17:21:43,2019-05-16 21:14:11,4,2,6,1,"https://gerrit.wikimedia.org/r/#/q/363888a1,n,z",100348.0,1.34.0-wmf.6,385,2,Antoine Musso,68699,0,1,0,167018
2019-05-15 11:07:10,2019-05-16 15:36:41,4,4,8,4,"https://gerrit.wikimedia.org/r/#/q/d92a2825,n,z",102571.0,1.34.0-wmf.6,385,2,Antoine Musso,68699,0,1,0,167018
2019-05-15 13:57:27,2019-05-15 14:40:47,4,2,6,2,"https://gerrit.wikimedia.org/r/#/q/96b645ba,n,z",2600.0,1.34.0-wmf.6,385,2,Antoine Musso,68699,0,1,0,167018
2019-05-15 11:52:28,2019-05-15 15:19:58,1,0,1,1,"https://gerrit.wikimedia.org/r/#/q/647205bb,n,z",12450.0,1.34.0-wmf.6,385,2,Antoine Musso,68699,0,1,0,167018
2019-05-15 11:25:50,2019-05-15 14:04:58,24,15,39,5,"https://gerrit.wikimedia.org/r/#/q/9c036c74,n,z",9548.0,1.34.0-wmf.6,385,2,Antoine Musso,68699,0,1,0,167018
2019-05-15 07:56:30,2019-05-20 11:08:05,4,0,4,3,"https://gerrit.wikimedia.org/r/#/q/0aa7a91d,n,z",443495.0,1.34.0-wmf.6,385,2,Antoine Musso,68699,0,1,0,167018
2019-05-14 13:04:59,2019-05-18 14:37:16,14,11,25,1,"https://gerrit.wikimedia.org/r/#/q/77f9ed0f,n,z",351137.0,1.34.0-wmf.6,385,2,Antoine Musso,68699,0,1,0,167018
2019-05-13 12:10:46,2019-05-14 12:26:37,30,6,36,5,"https://gerrit.wikimedia.org/r/#/q/03c974e1,n,z",87351.0,1.34.0-wmf.6,385,2,Antoine Musso,68699,0,1,0,167018
2019-05-20 05:39:32,2019-05-20 05:49:24,4,6,10,1,"https://gerrit.wikimedia.org/r/#/q/6d6fa607,n,z",592.0,1.34.0-wmf.6,385,2,Antoine Musso,68699,0,1,0,167018
2019-05-20 05:11:24,2019-05-20 05:27:25,12,36,48,1,"https://gerrit.wikimedia.org/r/#/q/bab8ea77,n,z",961.0,1.34.0-wmf.6,385,2,Antoine Musso,68699,0,1,0,167018
2019-01-11 20:04:04,2019-05-20 00:24:04,13,10,23,7,"https://gerrit.wikimedia.org/r/#/q/9bcb0c89,n,z",11074800.0,1.34.0-wmf.6,385,2,Antoine Musso,68699,0,1,0,167018
2019-05-18 14:19:21,2019-05-18 15:29:25,24,36,60,2,"https://gerrit.wikimedia.org/r/#/q/d3259c2b,n,z",4204.0,1.34.0-wmf.6,385,2,Antoine Musso,68699,0,1,0,167018
2019-05-18 12:15:23,2019-05-18 14:37:11,532,581,1113,1,"https://gerrit.wikimedia.org/r/#/q/526fbe43,n,z",8508.0,1.34.0-wmf.6,385,2,Antoine Musso,68699,0,1,0,167018
2019-05-17 21:32:00,2019-05-18 13:00:11,11,5,16,1,"https://gerrit.wikimedia.org/r/#/q/c5158743,n,z",55691.0,1.34.0-wmf.6,385,2,Antoine Musso,68699,0,1,0,167018
2019-05-17 13:31:03,2019-05-18 08:27:01,0,0,0,2,"https://gerrit.wikimedia.org/r/#/q/cfa51228,n,z",68158.0,1.34.0-wmf.6,385,2,Antoine Musso,68699,0,1,0,167018
2019-05-19 11:17:10,2019-05-19 12:22:36,1,1,2,1,"https://gerrit.wikimedia.org/r/#/q/7055d739,n,z",3926.0,1.34.0-wmf.6,385,2,Antoine Musso,68699,0,1,0,167018
2019-05-19 11:17:22,2019-05-19 16:07:25,2,1,3,1,"https://gerrit.wikimedia.org/r/#/q/e127bdca,n,z",17403.0,1.34.0-wmf.6,385,2,Antoine Musso,68699,0,1,0,167018
2019-05-19 11:17:36,2019-05-19 13:11:59,2,1,3,2,"https://gerrit.wikimedia.org/r/#/q/47a47334,n,z",6863.0,1.34.0-wmf.6,385,2,Antoine Musso,68699,0,1,0,167018
2019-05-15 23:49:20,2019-05-16 00:33:13,15,2,17,1,"https://gerrit.wikimedia.org/r/#/q/5f86ab90,n,z",2633.0,1.34.0-wmf.6,385,2,Antoine Musso,68699,0,1,0,167018
2019-05-19 11:17:52,2019-05-19 12:22:38,1,1,2,1,"https://gerrit.wikimedia.org/r/#/q/c2e564a8,n,z",3886.0,1.34.0-wmf.6,385,2,Antoine Musso,68699,0,1,0,167018
2019-05-19 11:18:06,2019-05-19 17:49:47,2,2,4,5,"https://gerrit.wikimedia.org/r/#/q/e074c23f,n,z",23501.0,1.34.0-wmf.6,385,2,Antoine Musso,68699,0,1,0,167018
2019-05-15 14:43:11,2019-05-15 21:01:12,4,6,10,1,"https://gerrit.wikimedia.org/r/#/q/85f57047,n,z",22681.0,1.34.0-wmf.6,385,2,Antoine Musso,68699,0,1,0,167018
2020-02-20 20:53:17,2020-02-20 21:00:50,2,0,2,1,"https://gerrit.wikimedia.org/r/#/q/9325a7e7,n,z",453.0,1.34.0-wmf.6,385,2,Antoine Musso,68699,0,1,0,167018
2019-05-19 11:18:18,2019-05-19 15:48:11,2,1,3,2,"https://gerrit.wikimedia.org/r/#/q/27a17055,n,z",16193.0,1.34.0-wmf.6,385,2,Antoine Musso,68699,0,1,0,167018
2019-05-19 11:18:34,2019-05-19 12:22:39,1,1,2,1,"https://gerrit.wikimedia.org/r/#/q/93fca3e3,n,z",3845.0,1.34.0-wmf.6,385,2,Antoine Musso,68699,0,1,0,167018
2019-05-19 11:18:50,2019-05-19 16:30:54,1,1,2,4,"https://gerrit.wikimedia.org/r/#/q/1041f7a2,n,z",18724.0,1.34.0-wmf.6,385,2,Antoine Musso,68699,0,1,0,167018
2019-05-18 20:09:20,2019-05-19 09:43:39,10,1,11,2,"https://gerrit.wikimedia.org/r/#/q/d27a09cd,n,z",48859.0,1.34.0-wmf.6,385,2,Antoine Musso,68699,0,1,0,167018
2019-05-19 11:19:08,2019-05-19 13:12:12,1,1,2,1,"https://gerrit.wikimedia.org/r/#/q/06dfaf4d,n,z",6784.0,1.34.0-wmf.6,385,2,Antoine Musso,68699,0,1,0,167018
2019-05-19 11:19:22,2019-05-19 13:12:15,1,1,2,1,"https://gerrit.wikimedia.org/r/#/q/3b6f8845,n,z",6773.0,1.34.0-wmf.6,385,2,Antoine Musso,68699,0,1,0,167018
2019-05-19 11:19:39,2019-05-19 15:37:44,2,1,3,2,"https://gerrit.wikimedia.org/r/#/q/1c6ca87a,n,z",15485.0,1.34.0-wmf.6,385,2,Antoine Musso,68699,0,1,0,167018
2019-05-18 15:56:45,2019-05-19 16:26:41,1,1,2,1,"https://gerrit.wikimedia.org/r/#/q/4f2c9606,n,z",88196.0,1.34.0-wmf.6,385,2,Antoine Musso,68699,0,1,0,167018
2019-05-17 14:51:42,2019-05-17 15:18:08,1,1,2,1,"https://gerrit.wikimedia.org/r/#/q/e2356f12,n,z",1586.0,1.34.0-wmf.6,385,2,Antoine Musso,68699,0,1,0,167018
2019-05-19 11:19:56,2019-05-19 17:49:49,1,1,2,4,"https://gerrit.wikimedia.org/r/#/q/77995f28,n,z",23393.0,1.34.0-wmf.6,385,2,Antoine Musso,68699,0,1,0,167018
2019-05-17 13:33:55,2019-05-19 06:46:48,10,1,11,2,"https://gerrit.wikimedia.org/r/#/q/07de02a2,n,z",148373.0,1.34.0-wmf.6,385,2,Antoine Musso,68699,0,1,0,167018
2019-05-13 13:45:08,2019-05-16 21:28:01,2,10,12,1,"https://gerrit.wikimedia.org/r/#/q/bd1298cc,n,z",286973.0,1.34.0-wmf.6,385,2,Antoine Musso,68699,0,1,0,167018
2019-05-19 11:20:14,2019-05-19 13:18:10,1,1,2,1,"https://gerrit.wikimedia.org/r/#/q/8d795f2e,n,z",7076.0,1.34.0-wmf.6,385,2,Antoine Musso,68699,0,1,0,167018
2019-05-19 11:20:32,2019-05-19 13:35:57,1,1,2,1,"https://gerrit.wikimedia.org/r/#/q/9be2206a,n,z",8125.0,1.34.0-wmf.6,385,2,Antoine Musso,68699,0,1,0,167018
2019-05-13 16:32:34,2019-05-14 18:12:36,2,2,4,1,"https://gerrit.wikimedia.org/r/#/q/025f373d,n,z",92402.0,1.34.0-wmf.6,385,2,Antoine Musso,68699,0,1,0,167018
2019-05-19 11:20:46,2019-05-19 13:12:16,1,1,2,1,"https://gerrit.wikimedia.org/r/#/q/ddc0e251,n,z",6690.0,1.34.0-wmf.6,385,2,Antoine Musso,68699,0,1,0,167018
2019-05-19 11:21:00,2019-05-19 13:36:00,1,1,2,2,"https://gerrit.wikimedia.org/r/#/q/d6ff0746,n,z",8100.0,1.34.0-wmf.6,385,2,Antoine Musso,68699,0,1,0,167018
2019-05-19 11:21:16,2019-05-19 13:12:09,1,1,2,1,"https://gerrit.wikimedia.org/r/#/q/683dda6b,n,z",6653.0,1.34.0-wmf.6,385,2,Antoine Musso,68699,0,1,0,167018
2019-05-19 11:21:29,2019-05-19 13:12:13,1,1,2,1,"https://gerrit.wikimedia.org/r/#/q/4fe506e3,n,z",6644.0,1.34.0-wmf.6,385,2,Antoine Musso,68699,0,1,0,167018
2019-05-19 11:21:44,2019-05-19 13:12:20,1,1,2,1,"https://gerrit.wikimedia.org/r/#/q/c63244e7,n,z",6636.0,1.34.0-wmf.6,385,2,Antoine Musso,68699,0,1,0,167018
2019-04-21 20:15:35,2019-05-18 15:16:09,1,1,2,1,"https://gerrit.wikimedia.org/r/#/q/3d8d1376,n,z",2314834.0,1.34.0-wmf.6,385,2,Antoine Musso,68699,0,1,0,167018
2019-05-20 21:16:43,2019-05-20 21:33:18,1,1,2,3,"https://gerrit.wikimedia.org/r/#/q/6b25c30f,n,z",995.0,1.34.0-wmf.6,385,2,Antoine Musso,68699,0,1,0,167018
2019-05-19 11:22:09,2019-05-19 13:12:22,1,1,2,1,"https://gerrit.wikimedia.org/r/#/q/e6b1cd64,n,z",6613.0,1.34.0-wmf.6,385,2,Antoine Musso,68699,0,1,0,167018
2019-05-19 11:22:27,2019-05-19 13:12:23,1,1,2,1,"https://gerrit.wikimedia.org/r/#/q/4969967d,n,z",6596.0,1.34.0-wmf.6,385,2,Antoine Musso,68699,0,1,0,167018
2019-05-19 14:30:39,2019-05-20 00:40:20,0,0,0,1,"https://gerrit.wikimedia.org/r/#/q/04aea491,n,z",36581.0,1.34.0-wmf.6,385,2,Antoine Musso,68699,0,1,0,167018
2019-05-19 11:22:41,2019-05-19 13:35:55,1,1,2,1,"https://gerrit.wikimedia.org/r/#/q/f8306757,n,z",7994.0,1.34.0-wmf.6,385,2,Antoine Musso,68699,0,1,0,167018
2019-05-19 11:22:55,2019-05-20 01:09:27,2,1,3,3,"https://gerrit.wikimedia.org/r/#/q/1c2e8eb6,n,z",49592.0,1.34.0-wmf.6,385,2,Antoine Musso,68699,0,1,0,167018
2019-05-19 11:23:09,2019-05-19 17:49:50,2,2,4,8,"https://gerrit.wikimedia.org/r/#/q/5b383165,n,z",23201.0,1.34.0-wmf.6,385,2,Antoine Musso,68699,0,1,0,167018
2019-05-19 11:23:41,2019-05-19 13:49:29,1,1,2,1,"https://gerrit.wikimedia.org/r/#/q/5a2ea6ef,n,z",8748.0,1.34.0-wmf.6,385,2,Antoine Musso,68699,0,1,0,167018
2019-05-17 20:04:54,2019-05-21 12:30:22,111,25,136,4,"https://gerrit.wikimedia.org/r/#/q/503d2f3d,n,z",318328.0,1.34.0-wmf.6,385,2,Antoine Musso,68699,0,1,0,167018
2019-05-18 15:15:59,2019-05-20 12:33:50,3,3,6,5,"https://gerrit.wikimedia.org/r/#/q/09d191f0,n,z",163071.0,1.34.0-wmf.6,385,2,Antoine Musso,68699,0,1,0,167018
2019-05-15 13:28:19,2019-05-19 08:30:00,3,3,6,1,"https://gerrit.wikimedia.org/r/#/q/93b5e3bb,n,z",327701.0,1.34.0-wmf.6,385,2,Antoine Musso,68699,0,1,0,167018
2019-05-18 17:42:34,2019-05-19 08:17:07,2,0,2,1,"https://gerrit.wikimedia.org/r/#/q/5c0ddd00,n,z",52473.0,1.34.0-wmf.6,385,2,Antoine Musso,68699,0,1,0,167018
2019-05-14 16:13:38,2019-05-15 08:27:28,6,2,8,1,"https://gerrit.wikimedia.org/r/#/q/7544a39a,n,z",58430.0,1.34.0-wmf.6,385,2,Antoine Musso,68699,0,1,0,167018
2019-04-25 03:54:05,2019-05-14 11:53:37,19,41,60,4,"https://gerrit.wikimedia.org/r/#/q/afdfb654,n,z",1670372.0,1.34.0-wmf.6,385,2,Antoine Musso,68699,0,1,0,167018
2019-05-19 17:14:03,2019-05-20 11:08:08,2,6,8,2,"https://gerrit.wikimedia.org/r/#/q/873a88e6,n,z",64445.0,1.34.0-wmf.6,385,2,Antoine Musso,68699,0,1,0,167018
2019-05-19 18:26:39,2019-05-19 18:33:56,2,2,4,1,"https://gerrit.wikimedia.org/r/#/q/44ed1c69,n,z",437.0,1.34.0-wmf.6,385,2,Antoine Musso,68699,0,1,0,167018
2019-05-19 13:02:02,2019-05-20 10:46:16,6,2,8,3,"https://gerrit.wikimedia.org/r/#/q/646d871e,n,z",78254.0,1.34.0-wmf.6,385,2,Antoine Musso,68699,0,1,0,167018
2019-05-19 12:58:54,2019-05-20 10:07:48,1,0,1,2,"https://gerrit.wikimedia.org/r/#/q/6d042d7f,n,z",76134.0,1.34.0-wmf.6,385,2,Antoine Musso,68699,0,1,0,167018
2019-05-18 16:59:11,2019-05-19 13:12:18,7,9,16,8,"https://gerrit.wikimedia.org/r/#/q/26fbcd60,n,z",72787.0,1.34.0-wmf.6,385,2,Antoine Musso,68699,0,1,0,167018
2019-05-18 17:23:18,2019-05-19 11:23:55,20,20,40,7,"https://gerrit.wikimedia.org/r/#/q/e1caa0f6,n,z",64837.0,1.34.0-wmf.6,385,2,Antoine Musso,68699,0,1,0,167018
2019-05-19 10:15:06,2019-05-19 11:23:53,1,1,2,1,"https://gerrit.wikimedia.org/r/#/q/feb56c0e,n,z",4127.0,1.34.0-wmf.6,385,2,Antoine Musso,68699,0,1,0,167018
2019-05-18 15:30:15,2019-05-18 17:29:25,1,1,2,1,"https://gerrit.wikimedia.org/r/#/q/5be5afe0,n,z",7150.0,1.34.0-wmf.6,385,2,Antoine Musso,68699,0,1,0,167018
2019-05-18 15:47:33,2019-05-18 17:29:23,1,22,23,5,"https://gerrit.wikimedia.org/r/#/q/b23a32a4,n,z",6110.0,1.34.0-wmf.6,385,2,Antoine Musso,68699,0,1,0,167018
2019-05-15 01:00:02,2019-05-16 06:50:01,14,7,21,2,"https://gerrit.wikimedia.org/r/#/q/51b31545,n,z",107399.0,1.34.0-wmf.6,385,2,Antoine Musso,68699,0,1,0,167018
2019-05-19 11:24:13,2019-05-19 13:36:02,1,1,2,1,"https://gerrit.wikimedia.org/r/#/q/7f4d61d8,n,z",7909.0,1.34.0-wmf.6,385,2,Antoine Musso,68699,0,1,0,167018
2019-03-26 18:27:22,2019-05-20 12:25:28,74,40,114,7,"https://gerrit.wikimedia.org/r/#/q/8e4a4c4b,n,z",4730286.0,1.34.0-wmf.6,385,2,Antoine Musso,68699,0,1,0,167018
2019-05-18 08:56:53,2019-05-18 15:29:22,11,11,22,1,"https://gerrit.wikimedia.org/r/#/q/46a3d48e,n,z",23549.0,1.34.0-wmf.6,385,2,Antoine Musso,68699,0,1,0,167018
2019-05-18 10:37:25,2019-05-18 12:09:11,5,5,10,1,"https://gerrit.wikimedia.org/r/#/q/684fae82,n,z",5506.0,1.34.0-wmf.6,385,2,Antoine Musso,68699,0,1,0,167018
2019-05-19 11:24:30,2019-05-19 13:18:11,1,1,2,1,"https://gerrit.wikimedia.org/r/#/q/5c1634e5,n,z",6821.0,1.34.0-wmf.6,385,2,Antoine Musso,68699,0,1,0,167018
2019-05-19 11:24:46,2019-05-19 13:35:58,1,1,2,1,"https://gerrit.wikimedia.org/r/#/q/edd28192,n,z",7872.0,1.34.0-wmf.6,385,2,Antoine Musso,68699,0,1,0,167018
2019-05-19 11:25:18,2019-05-19 13:36:01,1,1,2,1,"https://gerrit.wikimedia.org/r/#/q/3222fab2,n,z",7843.0,1.34.0-wmf.6,385,2,Antoine Musso,68699,0,1,0,167018
2019-03-30 13:19:45,2019-05-19 16:47:49,138,3,141,15,"https://gerrit.wikimedia.org/r/#/q/578b2e63,n,z",4332484.0,1.34.0-wmf.6,385,2,Antoine Musso,68699,0,1,0,167018
2019-03-12 18:02:26,2019-05-20 05:24:22,5,5,10,1,"https://gerrit.wikimedia.org/r/#/q/c99bc61d,n,z",5916116.0,1.34.0-wmf.6,385,2,Antoine Musso,68699,0,1,0,167018
2019-04-21 11:10:30,2019-05-20 05:00:11,18,22,40,3,"https://gerrit.wikimedia.org/r/#/q/bb40ae17,n,z",2483381.0,1.34.0-wmf.6,385,2,Antoine Musso,68699,0,1,0,167018
2019-05-17 13:39:37,2019-05-19 09:43:38,6,2,8,3,"https://gerrit.wikimedia.org/r/#/q/31b76b7a,n,z",158641.0,1.34.0-wmf.6,385,2,Antoine Musso,68699,0,1,0,167018
2019-05-17 13:20:21,2019-05-19 06:46:49,5,1,6,2,"https://gerrit.wikimedia.org/r/#/q/42b8a752,n,z",149188.0,1.34.0-wmf.6,385,2,Antoine Musso,68699,0,1,0,167018
2019-05-19 11:09:31,2019-05-19 11:54:13,24,28,52,1,"https://gerrit.wikimedia.org/r/#/q/ff9e1617,n,z",2682.0,1.34.0-wmf.6,385,2,Antoine Musso,68699,0,1,0,167018
2019-05-18 20:39:00,2019-05-19 09:43:37,0,379,379,1,"https://gerrit.wikimedia.org/r/#/q/1e35b4f5,n,z",47077.0,1.34.0-wmf.6,385,2,Antoine Musso,68699,0,1,0,167018
2019-05-17 14:09:24,2019-05-18 15:29:23,3,3,6,1,"https://gerrit.wikimedia.org/r/#/q/1a0eb575,n,z",91199.0,1.34.0-wmf.6,385,2,Antoine Musso,68699,0,1,0,167018
2019-05-19 11:25:43,2019-05-19 14:21:49,2,1,3,2,"https://gerrit.wikimedia.org/r/#/q/8be55d3f,n,z",10566.0,1.34.0-wmf.6,385,2,Antoine Musso,68699,0,1,0,167018
2019-05-19 11:25:56,2019-05-19 15:48:08,4,1,5,2,"https://gerrit.wikimedia.org/r/#/q/fd12aa6a,n,z",15732.0,1.34.0-wmf.6,385,2,Antoine Musso,68699,0,1,0,167018
2019-05-19 14:34:31,2019-05-19 16:45:00,3,0,3,1,"https://gerrit.wikimedia.org/r/#/q/e04c47b0,n,z",7829.0,1.34.0-wmf.6,385,2,Antoine Musso,68699,0,1,0,167018
2019-05-19 11:26:12,2019-05-19 14:08:56,1,1,2,1,"https://gerrit.wikimedia.org/r/#/q/dd9627de,n,z",9764.0,1.34.0-wmf.6,385,2,Antoine Musso,68699,0,1,0,167018
2019-05-18 09:42:10,2019-05-18 12:52:39,19,17,36,2,"https://gerrit.wikimedia.org/r/#/q/b9f12915,n,z",11429.0,1.34.0-wmf.6,385,2,Antoine Musso,68699,0,1,0,167018
2019-05-19 11:26:28,2019-05-19 14:01:51,1,1,2,1,"https://gerrit.wikimedia.org/r/#/q/b3b9d5a5,n,z",9323.0,1.34.0-wmf.6,385,2,Antoine Musso,68699,0,1,0,167018
2019-05-19 11:26:56,2019-05-19 13:49:35,1,1,2,1,"https://gerrit.wikimedia.org/r/#/q/65b6aebf,n,z",8559.0,1.34.0-wmf.6,385,2,Antoine Musso,68699,0,1,0,167018
2019-05-19 11:27:13,2019-05-19 14:08:52,1,1,2,1,"https://gerrit.wikimedia.org/r/#/q/fd235dc2,n,z",9699.0,1.34.0-wmf.6,385,2,Antoine Musso,68699,0,1,0,167018
2019-05-19 11:27:26,2019-05-19 13:49:33,1,1,2,1,"https://gerrit.wikimedia.org/r/#/q/78512818,n,z",8527.0,1.34.0-wmf.6,385,2,Antoine Musso,68699,0,1,0,167018
2019-05-19 11:27:41,2019-05-19 14:08:57,1,1,2,1,"https://gerrit.wikimedia.org/r/#/q/c6307cb1,n,z",9676.0,1.34.0-wmf.6,385,2,Antoine Musso,68699,0,1,0,167018
2019-05-19 11:27:59,2019-05-19 13:49:31,1,1,2,1,"https://gerrit.wikimedia.org/r/#/q/bc2f0a39,n,z",8492.0,1.34.0-wmf.6,385,2,Antoine Musso,68699,0,1,0,167018
2019-05-13 11:50:46,2019-05-18 14:43:23,0,1,1,3,"https://gerrit.wikimedia.org/r/#/q/ed06a6db,n,z",442357.0,1.34.0-wmf.6,385,2,Antoine Musso,68699,0,1,0,167018
2019-05-09 11:19:24,2019-05-18 14:45:19,2,1,3,1,"https://gerrit.wikimedia.org/r/#/q/b3fb2b58,n,z",789955.0,1.34.0-wmf.6,385,2,Antoine Musso,68699,0,1,0,167018
2019-05-19 11:28:26,2019-05-19 13:49:34,1,1,2,1,"https://gerrit.wikimedia.org/r/#/q/8b7cfe02,n,z",8468.0,1.34.0-wmf.6,385,2,Antoine Musso,68699,0,1,0,167018
2019-05-19 11:28:51,2019-05-19 16:27:08,2,1,3,2,"https://gerrit.wikimedia.org/r/#/q/1961f3ac,n,z",17897.0,1.34.0-wmf.6,385,2,Antoine Musso,68699,0,1,0,167018
2019-05-19 11:29:05,2019-05-20 05:27:26,1,1,2,5,"https://gerrit.wikimedia.org/r/#/q/79bb6b34,n,z",64701.0,1.34.0-wmf.6,385,2,Antoine Musso,68699,0,1,0,167018
2019-05-19 11:29:30,2019-05-19 14:09:00,1,1,2,1,"https://gerrit.wikimedia.org/r/#/q/0d1334c7,n,z",9570.0,1.34.0-wmf.6,385,2,Antoine Musso,68699,0,1,0,167018
2019-05-19 11:29:48,2019-05-19 14:08:58,1,1,2,1,"https://gerrit.wikimedia.org/r/#/q/c75e84be,n,z",9550.0,1.34.0-wmf.6,385,2,Antoine Musso,68699,0,1,0,167018
2019-05-19 11:30:07,2019-05-19 14:09:02,1,1,2,1,"https://gerrit.wikimedia.org/r/#/q/99970480,n,z",9535.0,1.34.0-wmf.6,385,2,Antoine Musso,68699,0,1,0,167018
2019-05-19 11:30:20,2019-05-19 19:22:01,2,1,3,4,"https://gerrit.wikimedia.org/r/#/q/50c0bf89,n,z",28301.0,1.34.0-wmf.6,385,2,Antoine Musso,68699,0,1,0,167018
2019-05-19 11:30:42,2019-05-19 14:09:04,2,1,3,2,"https://gerrit.wikimedia.org/r/#/q/efb73e9b,n,z",9502.0,1.34.0-wmf.6,385,2,Antoine Musso,68699,0,1,0,167018
2019-05-14 12:53:34,2019-05-19 07:55:29,35,9,44,1,"https://gerrit.wikimedia.org/r/#/q/2e79d0a7,n,z",414115.0,1.34.0-wmf.6,385,2,Antoine Musso,68699,0,1,0,167018
2019-05-19 11:30:59,2019-05-19 14:09:03,1,1,2,1,"https://gerrit.wikimedia.org/r/#/q/4fcdffdd,n,z",9484.0,1.34.0-wmf.6,385,2,Antoine Musso,68699,0,1,0,167018
2019-05-19 11:32:11,2019-05-19 16:17:04,1,1,2,1,"https://gerrit.wikimedia.org/r/#/q/d7503aec,n,z",17093.0,1.34.0-wmf.6,385,2,Antoine Musso,68699,0,1,0,167018
2019-05-19 11:32:25,2019-05-19 16:07:31,1,1,2,1,"https://gerrit.wikimedia.org/r/#/q/3f1bf8d8,n,z",16506.0,1.34.0-wmf.6,385,2,Antoine Musso,68699,0,1,0,167018
2019-02-11 18:31:51,2019-05-16 17:51:42,5,4,9,5,"https://gerrit.wikimedia.org/r/#/q/60f5e0b1,n,z",8119191.0,1.34.0-wmf.6,385,2,Antoine Musso,68699,0,1,0,167018
2019-05-19 11:32:42,2019-05-19 16:07:36,1,1,2,1,"https://gerrit.wikimedia.org/r/#/q/a028a779,n,z",16494.0,1.34.0-wmf.6,385,2,Antoine Musso,68699,0,1,0,167018
2019-05-19 11:33:09,2019-05-19 15:43:13,3,1,4,2,"https://gerrit.wikimedia.org/r/#/q/eefa6853,n,z",15004.0,1.34.0-wmf.6,385,2,Antoine Musso,68699,0,1,0,167018
2019-05-15 18:37:22,2019-05-15 23:39:20,2,2,4,1,"https://gerrit.wikimedia.org/r/#/q/25e48133,n,z",18118.0,1.34.0-wmf.6,385,2,Antoine Musso,68699,0,1,0,167018
2019-05-19 11:34:17,2019-05-19 16:16:49,1,1,2,1,"https://gerrit.wikimedia.org/r/#/q/c21734fc,n,z",16952.0,1.34.0-wmf.6,385,2,Antoine Musso,68699,0,1,0,167018
2019-05-19 11:34:36,2019-05-19 16:30:56,1,1,2,1,"https://gerrit.wikimedia.org/r/#/q/39a0b0c8,n,z",17780.0,1.34.0-wmf.6,385,2,Antoine Musso,68699,0,1,0,167018
2019-05-19 11:34:51,2019-05-19 16:30:57,1,1,2,1,"https://gerrit.wikimedia.org/r/#/q/1d1ea0a9,n,z",17766.0,1.34.0-wmf.6,385,2,Antoine Musso,68699,0,1,0,167018
2019-05-19 11:35:04,2019-05-19 17:49:52,5,11,16,3,"https://gerrit.wikimedia.org/r/#/q/ecab0b8d,n,z",22488.0,1.34.0-wmf.6,385,2,Antoine Musso,68699,0,1,0,167018
2019-05-19 11:35:20,2019-05-19 16:26:43,1,1,2,1,"https://gerrit.wikimedia.org/r/#/q/002680ba,n,z",17483.0,1.34.0-wmf.6,385,2,Antoine Musso,68699,0,1,0,167018
2019-05-19 11:35:42,2019-05-19 16:16:08,1,1,2,1,"https://gerrit.wikimedia.org/r/#/q/08b0b6fb,n,z",16826.0,1.34.0-wmf.6,385,2,Antoine Musso,68699,0,1,0,167018
2019-04-04 07:08:02,2019-05-17 12:09:43,3,3,6,2,"https://gerrit.wikimedia.org/r/#/q/7a6d9949,n,z",3733301.0,1.34.0-wmf.6,385,2,Antoine Musso,68699,0,1,0,167018
2019-05-19 11:35:55,2019-05-19 17:27:14,1,1,2,1,"https://gerrit.wikimedia.org/r/#/q/667bbf0d,n,z",21079.0,1.34.0-wmf.6,385,2,Antoine Musso,68699,0,1,0,167018
2019-05-19 11:36:09,2019-05-19 16:30:59,1,1,2,1,"https://gerrit.wikimedia.org/r/#/q/081e8e6b,n,z",17690.0,1.34.0-wmf.6,385,2,Antoine Musso,68699,0,1,0,167018
2019-05-19 11:36:23,2019-05-19 16:07:32,1,1,2,1,"https://gerrit.wikimedia.org/r/#/q/496abf6a,n,z",16269.0,1.34.0-wmf.6,385,2,Antoine Musso,68699,0,1,0,167018
2019-05-19 14:36:07,2019-05-19 16:54:20,3,522,525,1,"https://gerrit.wikimedia.org/r/#/q/39bb12c8,n,z",8293.0,1.34.0-wmf.6,385,2,Antoine Musso,68699,0,1,0,167018
2019-05-19 12:44:25,2019-05-19 14:01:45,0,24,24,1,"https://gerrit.wikimedia.org/r/#/q/f6b16d05,n,z",4640.0,1.34.0-wmf.6,385,2,Antoine Musso,68699,0,1,0,167018
2019-05-17 09:02:11,2019-05-19 08:59:01,7,2,9,4,"https://gerrit.wikimedia.org/r/#/q/c766d5f3,n,z",172610.0,1.34.0-wmf.6,385,2,Antoine Musso,68699,0,1,0,167018
2019-05-18 21:26:36,2019-05-19 09:43:35,5,5,10,1,"https://gerrit.wikimedia.org/r/#/q/cf3a6e80,n,z",44219.0,1.34.0-wmf.6,385,2,Antoine Musso,68699,0,1,0,167018
2019-05-18 21:13:06,2019-05-19 16:51:29,3,0,3,6,"https://gerrit.wikimedia.org/r/#/q/fad780e1,n,z",70703.0,1.34.0-wmf.6,385,2,Antoine Musso,68699,0,1,0,167018
2019-05-18 14:56:40,2019-05-18 18:22:44,1,15,16,1,"https://gerrit.wikimedia.org/r/#/q/7ffe3a9e,n,z",12364.0,1.34.0-wmf.6,385,2,Antoine Musso,68699,0,1,0,167018
2019-05-17 10:46:20,2019-05-17 22:01:20,6,6,12,1,"https://gerrit.wikimedia.org/r/#/q/5f2750ce,n,z",40500.0,1.34.0-wmf.6,385,2,Antoine Musso,68699,0,1,0,167018
2019-05-17 10:11:14,2019-05-17 21:51:17,2,0,2,1,"https://gerrit.wikimedia.org/r/#/q/f4adb662,n,z",42003.0,1.34.0-wmf.6,385,2,Antoine Musso,68699,0,1,0,167018
2019-05-17 09:38:19,2019-05-17 10:54:04,4,1,5,1,"https://gerrit.wikimedia.org/r/#/q/8ce8a9d8,n,z",4545.0,1.34.0-wmf.6,385,2,Antoine Musso,68699,0,1,0,167018
2019-05-17 09:29:54,2019-05-17 22:01:16,8,4,12,1,"https://gerrit.wikimedia.org/r/#/q/ef42fd4d,n,z",45082.0,1.34.0-wmf.6,385,2,Antoine Musso,68699,0,1,0,167018
2019-05-17 09:19:42,2019-05-17 10:01:38,1,1,2,1,"https://gerrit.wikimedia.org/r/#/q/61d3abf3,n,z",2516.0,1.34.0-wmf.6,385,2,Antoine Musso,68699,0,1,0,167018
2019-05-19 11:36:54,2019-05-19 16:15:53,1,1,2,1,"https://gerrit.wikimedia.org/r/#/q/8caf5f51,n,z",16739.0,1.34.0-wmf.6,385,2,Antoine Musso,68699,0,1,0,167018
2019-05-19 11:37:09,2019-05-19 15:56:45,3,1,4,2,"https://gerrit.wikimedia.org/r/#/q/c2cfae5a,n,z",15576.0,1.34.0-wmf.6,385,2,Antoine Musso,68699,0,1,0,167018
2019-05-16 18:17:26,2019-05-17 16:29:34,5,1,6,2,"https://gerrit.wikimedia.org/r/#/q/b0546763,n,z",79928.0,1.34.0-wmf.6,385,2,Antoine Musso,68699,0,1,0,167018
2019-05-19 11:37:25,2019-05-19 16:58:02,2,1,3,4,"https://gerrit.wikimedia.org/r/#/q/132e2a40,n,z",19237.0,1.34.0-wmf.6,385,2,Antoine Musso,68699,0,1,0,167018
2019-05-17 19:57:36,2019-05-17 20:50:32,1,1,2,2,"https://gerrit.wikimedia.org/r/#/q/3a56ccf7,n,z",3176.0,1.34.0-wmf.6,385,2,Antoine Musso,68699,0,1,0,167018
2019-05-13 13:31:53,2019-05-20 13:34:57,8,2,10,5,"https://gerrit.wikimedia.org/r/#/q/f0eb5d73,n,z",604984.0,1.34.0-wmf.6,385,2,Antoine Musso,68699,0,1,0,167018
2019-05-14 09:50:59,2019-05-20 11:26:58,3,3,6,1,"https://gerrit.wikimedia.org/r/#/q/bb552c0e,n,z",524159.0,1.34.0-wmf.6,385,2,Antoine Musso,68699,0,1,0,167018
2019-05-05 11:15:44,2019-05-20 07:54:00,1340,135,1475,19,"https://gerrit.wikimedia.org/r/#/q/545a54bf,n,z",1283896.0,1.34.0-wmf.6,385,2,Antoine Musso,68699,0,1,0,167018
2019-05-14 09:41:00,2019-05-17 15:13:27,8,43,51,3,"https://gerrit.wikimedia.org/r/#/q/3c245e3f,n,z",279147.0,1.34.0-wmf.6,385,2,Antoine Musso,68699,0,1,0,167018
2019-05-14 09:44:40,2019-05-17 10:32:15,14,23,37,5,"https://gerrit.wikimedia.org/r/#/q/05f2e571,n,z",262055.0,1.34.0-wmf.6,385,2,Antoine Musso,68699,0,1,0,167018
2019-05-14 09:37:33,2019-05-17 10:11:22,5,6,11,3,"https://gerrit.wikimedia.org/r/#/q/3f876758,n,z",261229.0,1.34.0-wmf.6,385,2,Antoine Musso,68699,0,1,0,167018
2019-05-14 09:54:03,2019-05-17 08:16:48,5,11,16,1,"https://gerrit.wikimedia.org/r/#/q/6e6d5739,n,z",253365.0,1.34.0-wmf.6,385,2,Antoine Musso,68699,0,1,0,167018
2019-05-18 20:27:37,2019-05-19 11:34:21,26,1,27,4,"https://gerrit.wikimedia.org/r/#/q/ffd6e021,n,z",54404.0,1.34.0-wmf.6,385,2,Antoine Musso,68699,0,1,0,167018
2019-05-17 16:06:27,2019-05-18 18:11:05,2,0,2,4,"https://gerrit.wikimedia.org/r/#/q/87f04517,n,z",93878.0,1.34.0-wmf.6,385,2,Antoine Musso,68699,0,1,0,167018
2019-05-17 13:55:40,2019-05-18 09:01:44,7,5,12,2,"https://gerrit.wikimedia.org/r/#/q/a3ee08dd,n,z",68764.0,1.34.0-wmf.6,385,2,Antoine Musso,68699,0,1,0,167018
2019-05-19 11:37:40,2019-05-19 16:31:03,1,1,2,1,"https://gerrit.wikimedia.org/r/#/q/522562a3,n,z",17603.0,1.34.0-wmf.6,385,2,Antoine Musso,68699,0,1,0,167018
2019-05-21 10:42:13,2019-05-21 12:50:01,240,1,241,1,"https://gerrit.wikimedia.org/r/#/q/ede9c683,n,z",7668.0,1.34.0-wmf.6,385,2,Antoine Musso,68699,0,1,0,167018
2019-05-21 10:25:49,2019-05-21 11:20:38,191,52,243,1,"https://gerrit.wikimedia.org/r/#/q/0bf89d19,n,z",3289.0,1.34.0-wmf.6,385,2,Antoine Musso,68699,0,1,0,167018
2019-05-19 11:38:10,2019-05-19 15:48:04,2,1,3,2,"https://gerrit.wikimedia.org/r/#/q/c705ac9c,n,z",14994.0,1.34.0-wmf.6,385,2,Antoine Musso,68699,0,1,0,167018
2019-05-02 04:49:25,2019-05-17 04:27:56,8,8,16,6,"https://gerrit.wikimedia.org/r/#/q/760674d9,n,z",1294711.0,1.34.0-wmf.6,385,2,Antoine Musso,68699,0,1,0,167018
2019-05-15 07:44:20,2019-05-15 08:27:32,331,1,332,1,"https://gerrit.wikimedia.org/r/#/q/85d8175e,n,z",2592.0,1.34.0-wmf.6,385,2,Antoine Musso,68699,0,1,0,167018
2019-05-19 11:38:27,2019-05-19 16:31:02,1,1,2,1,"https://gerrit.wikimedia.org/r/#/q/762e275b,n,z",17555.0,1.34.0-wmf.6,385,2,Antoine Musso,68699,0,1,0,167018
2019-05-18 16:10:35,2019-05-18 21:18:26,1,5,6,1,"https://gerrit.wikimedia.org/r/#/q/cb044cdf,n,z",18471.0,1.34.0-wmf.6,385,2,Antoine Musso,68699,0,1,0,167018
2019-05-19 11:38:42,2019-05-19 16:31:33,1,1,2,1,"https://gerrit.wikimedia.org/r/#/q/3fff626d,n,z",17571.0,1.34.0-wmf.6,385,2,Antoine Musso,68699,0,1,0,167018
2019-05-17 09:31:14,2019-05-17 12:17:13,40,5,45,3,"https://gerrit.wikimedia.org/r/#/q/1a78ab08,n,z",9959.0,1.34.0-wmf.6,385,2,Antoine Musso,68699,0,1,0,167018
2019-05-17 11:31:04,2019-05-17 12:17:11,54,54,108,1,"https://gerrit.wikimedia.org/r/#/q/c2bc9abc,n,z",2767.0,1.34.0-wmf.6,385,2,Antoine Musso,68699,0,1,0,167018
2019-05-19 11:38:55,2019-05-19 16:07:38,1,1,2,1,"https://gerrit.wikimedia.org/r/#/q/ed07e691,n,z",16123.0,1.34.0-wmf.6,385,2,Antoine Musso,68699,0,1,0,167018
2019-05-18 16:16:43,2019-05-18 17:55:59,3,0,3,1,"https://gerrit.wikimedia.org/r/#/q/222ada6a,n,z",5956.0,1.34.0-wmf.6,385,2,Antoine Musso,68699,0,1,0,167018
2019-05-18 15:25:31,2019-05-18 18:10:58,11,5,16,5,"https://gerrit.wikimedia.org/r/#/q/b9835f75,n,z",9927.0,1.34.0-wmf.6,385,2,Antoine Musso,68699,0,1,0,167018
2019-05-17 14:30:35,2019-05-17 15:13:16,9,0,9,1,"https://gerrit.wikimedia.org/r/#/q/d3d87489,n,z",2561.0,1.34.0-wmf.6,385,2,Antoine Musso,68699,0,1,0,167018
2019-05-17 11:16:23,2019-05-17 12:17:09,4,0,4,1,"https://gerrit.wikimedia.org/r/#/q/b6704010,n,z",3646.0,1.34.0-wmf.6,385,2,Antoine Musso,68699,0,1,0,167018
2019-05-14 19:20:11,2019-05-17 16:55:29,57,2,59,1,"https://gerrit.wikimedia.org/r/#/q/47af04b8,n,z",250518.0,1.34.0-wmf.6,385,2,Antoine Musso,68699,0,1,0,167018
2019-05-14 15:08:07,2019-05-14 15:25:07,1,0,1,1,"https://gerrit.wikimedia.org/r/#/q/3285b7db,n,z",1020.0,1.34.0-wmf.6,385,2,Antoine Musso,68699,0,1,0,167018
2019-05-20 15:47:10,2019-05-21 10:27:15,1,1,2,3,"https://gerrit.wikimedia.org/r/#/q/6313e1e7,n,z",67205.0,1.34.0-wmf.6,385,2,Antoine Musso,68699,0,1,0,167018
2019-05-09 07:40:30,2019-05-20 16:14:00,39,4,43,11,"https://gerrit.wikimedia.org/r/#/q/257e1049,n,z",981210.0,1.34.0-wmf.6,385,2,Antoine Musso,68699,0,1,0,167018
2019-05-15 14:22:40,2019-05-20 14:50:37,36,0,36,2,"https://gerrit.wikimedia.org/r/#/q/9169bccc,n,z",433677.0,1.34.0-wmf.6,385,2,Antoine Musso,68699,0,1,0,167018
2019-05-15 14:22:40,2019-05-20 13:50:08,4,0,4,8,"https://gerrit.wikimedia.org/r/#/q/be0144ec,n,z",430048.0,1.34.0-wmf.6,385,2,Antoine Musso,68699,0,1,0,167018
2019-05-15 14:22:40,2019-05-20 13:50:17,15,2,17,1,"https://gerrit.wikimedia.org/r/#/q/8f873d21,n,z",430057.0,1.34.0-wmf.6,385,2,Antoine Musso,68699,0,1,0,167018
2019-05-17 10:21:24,2019-05-17 17:30:27,1,1,2,5,"https://gerrit.wikimedia.org/r/#/q/c70c9bd7,n,z",25743.0,1.34.0-wmf.6,385,2,Antoine Musso,68699,0,1,0,167018
2019-05-14 17:37:06,2019-05-17 10:01:33,8,2,10,8,"https://gerrit.wikimedia.org/r/#/q/ec1e16c3,n,z",231867.0,1.34.0-wmf.6,385,2,Antoine Musso,68699,0,1,0,167018
2019-05-14 17:11:48,2019-05-17 10:01:28,53,0,53,10,"https://gerrit.wikimedia.org/r/#/q/f6537bbe,n,z",233380.0,1.34.0-wmf.6,385,2,Antoine Musso,68699,0,1,0,167018
2019-05-15 14:22:40,2019-05-16 00:55:18,2,2,4,2,"https://gerrit.wikimedia.org/r/#/q/ce03d7fc,n,z",37958.0,1.34.0-wmf.6,385,2,Antoine Musso,68699,0,1,0,167018
2019-05-15 14:22:40,2019-05-15 19:34:47,1,1,2,1,"https://gerrit.wikimedia.org/r/#/q/ac663cec,n,z",18727.0,1.34.0-wmf.6,385,2,Antoine Musso,68699,0,1,0,167018
2019-05-14 17:11:48,2019-05-14 20:40:15,2,2,4,1,"https://gerrit.wikimedia.org/r/#/q/2068b1db,n,z",12507.0,1.34.0-wmf.6,385,2,Antoine Musso,68699,0,1,0,167018
2019-05-05 08:48:24,2019-05-15 14:04:53,519,0,519,11,"https://gerrit.wikimedia.org/r/#/q/e0905696,n,z",882989.0,1.34.0-wmf.6,385,2,Antoine Musso,68699,0,1,0,167018
2019-05-09 15:44:42,2019-05-15 12:50:07,38,5,43,5,"https://gerrit.wikimedia.org/r/#/q/a3573bb8,n,z",507925.0,1.34.0-wmf.6,385,2,Antoine Musso,68699,0,1,0,167018
2019-05-08 15:26:33,2019-05-15 12:49:59,132,42,174,7,"https://gerrit.wikimedia.org/r/#/q/d2b36e60,n,z",595406.0,1.34.0-wmf.6,385,2,Antoine Musso,68699,0,1,0,167018
2019-05-13 14:14:54,2019-05-14 12:26:29,6,0,6,5,"https://gerrit.wikimedia.org/r/#/q/4dcdcdb4,n,z",79895.0,1.34.0-wmf.6,385,2,Antoine Musso,68699,0,1,0,167018
2019-05-19 11:39:47,2019-05-19 15:45:35,3,1,4,2,"https://gerrit.wikimedia.org/r/#/q/1804cf66,n,z",14748.0,1.34.0-wmf.6,385,2,Antoine Musso,68699,0,1,0,167018
2019-05-09 09:26:40,2019-05-21 12:30:17,385,84,469,23,"https://gerrit.wikimedia.org/r/#/q/c8c07247,n,z",1047817.0,1.34.0-wmf.6,385,2,Antoine Musso,68699,0,1,0,167018
2019-05-14 09:49:27,2019-05-17 09:40:25,161,77,238,5,"https://gerrit.wikimedia.org/r/#/q/44d08eaf,n,z",258658.0,1.34.0-wmf.6,385,2,Antoine Musso,68699,0,1,0,167018
2019-05-10 09:49:43,2019-05-16 10:48:08,0,10,10,2,"https://gerrit.wikimedia.org/r/#/q/040ca035,n,z",521905.0,1.34.0-wmf.6,385,2,Antoine Musso,68699,0,1,0,167018
2019-05-21 07:45:41,2019-05-21 10:41:15,43,42,85,1,"https://gerrit.wikimedia.org/r/#/q/3bf83c8d,n,z",10534.0,1.34.0-wmf.6,385,2,Antoine Musso,68699,0,1,0,167018
2019-05-17 18:50:02,2019-05-21 07:30:46,1,0,1,1,"https://gerrit.wikimedia.org/r/#/q/f2e7b757,n,z",304844.0,1.34.0-wmf.6,385,2,Antoine Musso,68699,0,1,0,167018
2019-05-17 16:42:27,2019-05-17 17:58:38,5,0,5,1,"https://gerrit.wikimedia.org/r/#/q/1398dfd0,n,z",4571.0,1.34.0-wmf.6,385,2,Antoine Musso,68699,0,1,0,167018
2019-05-16 22:31:37,2019-05-21 08:10:16,13,12,25,1,"https://gerrit.wikimedia.org/r/#/q/c1bef6c4,n,z",380319.0,1.34.0-wmf.6,385,2,Antoine Musso,68699,0,1,0,167018
2019-05-10 12:23:34,2019-05-16 10:48:11,183,117,300,1,"https://gerrit.wikimedia.org/r/#/q/c3e7dd03,n,z",512677.0,1.34.0-wmf.6,385,2,Antoine Musso,68699,0,1,0,167018
2019-05-15 14:35:28,2019-05-16 21:28:00,0,2,2,1,"https://gerrit.wikimedia.org/r/#/q/930a1dfa,n,z",111152.0,1.34.0-wmf.6,385,2,Antoine Musso,68699,0,1,0,167018
2019-05-14 08:36:55,2019-05-15 15:42:05,16,12,28,2,"https://gerrit.wikimedia.org/r/#/q/96444a44,n,z",111910.0,1.34.0-wmf.6,385,2,Antoine Musso,68699,0,1,0,167018
2019-05-10 10:31:47,2019-05-15 11:07:46,41,15,56,6,"https://gerrit.wikimedia.org/r/#/q/e7848eb0,n,z",434159.0,1.34.0-wmf.6,385,2,Antoine Musso,68699,0,1,0,167018
2019-05-19 11:40:25,2019-05-19 15:43:12,1,1,2,3,"https://gerrit.wikimedia.org/r/#/q/26d25fdc,n,z",14567.0,1.34.0-wmf.6,385,2,Antoine Musso,68699,0,1,0,167018
2019-05-17 15:52:23,2019-05-17 16:50:53,7,3,10,2,"https://gerrit.wikimedia.org/r/#/q/b305721c,n,z",3510.0,1.34.0-wmf.6,385,2,Antoine Musso,68699,0,1,0,167018
2019-05-19 11:40:43,2019-05-19 14:15:34,1,1,2,1,"https://gerrit.wikimedia.org/r/#/q/1a39fb81,n,z",9291.0,1.34.0-wmf.6,385,2,Antoine Musso,68699,0,1,0,167018
2018-11-27 14:59:02,2019-05-19 18:21:54,12,1,13,3,"https://gerrit.wikimedia.org/r/#/q/f501cdc9,n,z",14959372.0,1.34.0-wmf.6,385,2,Antoine Musso,68699,0,1,0,167018
2019-05-15 01:20:15,2019-05-15 08:42:09,3,2,5,1,"https://gerrit.wikimedia.org/r/#/q/7d611217,n,z",26514.0,1.34.0-wmf.6,385,2,Antoine Musso,68699,0,1,0,167018
2019-05-19 11:41:00,2019-05-19 16:07:30,1,1,2,1,"https://gerrit.wikimedia.org/r/#/q/12eede78,n,z",15990.0,1.34.0-wmf.6,385,2,Antoine Musso,68699,0,1,0,167018
2019-05-16 18:28:06,2019-05-17 16:29:30,22,1,23,2,"https://gerrit.wikimedia.org/r/#/q/20b7dfa3,n,z",79284.0,1.34.0-wmf.6,385,2,Antoine Musso,68699,0,1,0,167018
2019-05-19 11:41:15,2019-05-19 17:49:45,1,1,2,3,"https://gerrit.wikimedia.org/r/#/q/d9750b31,n,z",22110.0,1.34.0-wmf.6,385,2,Antoine Musso,68699,0,1,0,167018
2019-05-19 11:41:27,2019-05-19 15:48:02,2,1,3,2,"https://gerrit.wikimedia.org/r/#/q/68815a14,n,z",14795.0,1.34.0-wmf.6,385,2,Antoine Musso,68699,0,1,0,167018
2019-05-19 11:41:44,2019-05-19 15:37:42,1,1,2,1,"https://gerrit.wikimedia.org/r/#/q/32a9eb4b,n,z",14158.0,1.34.0-wmf.6,385,2,Antoine Musso,68699,0,1,0,167018
2019-05-15 01:12:08,2019-05-15 08:35:41,3,2,5,1,"https://gerrit.wikimedia.org/r/#/q/ef8bf27b,n,z",26613.0,1.34.0-wmf.6,385,2,Antoine Musso,68699,0,1,0,167018
2019-05-06 06:29:57,2019-05-14 12:26:33,3,83,86,8,"https://gerrit.wikimedia.org/r/#/q/fb74ecef,n,z",712596.0,1.34.0-wmf.6,385,2,Antoine Musso,68699,0,1,0,167018
2019-05-18 08:50:17,2019-05-19 10:25:59,1,1,2,1,"https://gerrit.wikimedia.org/r/#/q/3da6efc0,n,z",92142.0,1.34.0-wmf.6,385,2,Antoine Musso,68699,0,1,0,167018
2019-05-17 15:22:25,2019-05-17 16:33:18,3,4,7,1,"https://gerrit.wikimedia.org/r/#/q/0d6276c8,n,z",4253.0,1.34.0-wmf.6,385,2,Antoine Musso,68699,0,1,0,167018
2019-05-17 14:05:29,2019-05-17 14:23:11,26,24,50,1,"https://gerrit.wikimedia.org/r/#/q/414ee93f,n,z",1062.0,1.34.0-wmf.6,385,2,Antoine Musso,68699,0,1,0,167018
2019-05-19 11:42:03,2019-05-19 15:56:43,2,1,3,2,"https://gerrit.wikimedia.org/r/#/q/e163b27a,n,z",15280.0,1.34.0-wmf.6,385,2,Antoine Musso,68699,0,1,0,167018
2019-05-19 11:42:20,2019-05-19 16:07:37,1,1,2,1,"https://gerrit.wikimedia.org/r/#/q/a72f969a,n,z",15917.0,1.34.0-wmf.6,385,2,Antoine Musso,68699,0,1,0,167018
2019-05-19 11:47:06,2019-05-19 14:18:11,2,1,3,2,"https://gerrit.wikimedia.org/r/#/q/21a54a2e,n,z",9065.0,1.34.0-wmf.6,385,2,Antoine Musso,68699,0,1,0,167018
2019-05-07 20:30:46,2019-05-14 15:34:44,9,9,18,3,"https://gerrit.wikimedia.org/r/#/q/39a20784,n,z",587038.0,1.34.0-wmf.6,385,2,Antoine Musso,68699,0,1,0,167018
2019-05-14 10:32:34,2019-05-17 13:12:09,75,15,90,1,"https://gerrit.wikimedia.org/r/#/q/6905b85d,n,z",268775.0,1.34.0-wmf.6,385,2,Antoine Musso,68699,0,1,0,167018
2019-05-14 09:45:09,2019-05-14 11:45:47,14,7,21,1,"https://gerrit.wikimedia.org/r/#/q/6c70498e,n,z",7238.0,1.34.0-wmf.6,385,2,Antoine Musso,68699,0,1,0,167018
2019-05-19 11:48:18,2019-05-20 01:08:07,1,2,3,1,"https://gerrit.wikimedia.org/r/#/q/f8b08d09,n,z",47989.0,1.34.0-wmf.6,385,2,Antoine Musso,68699,0,1,0,167018
2019-05-19 11:48:04,2019-05-19 15:48:09,1,1,2,1,"https://gerrit.wikimedia.org/r/#/q/3cb0e91b,n,z",14405.0,1.34.0-wmf.6,385,2,Antoine Musso,68699,0,1,0,167018
2019-03-24 02:24:10,2019-05-17 12:09:45,13,6,19,5,"https://gerrit.wikimedia.org/r/#/q/c9652204,n,z",4700735.0,1.34.0-wmf.6,385,2,Antoine Musso,68699,0,1,0,167018
2019-05-19 11:49:00,2019-05-19 16:07:29,1,1,2,1,"https://gerrit.wikimedia.org/r/#/q/c1e7106d,n,z",15509.0,1.34.0-wmf.6,385,2,Antoine Musso,68699,0,1,0,167018
2019-04-18 19:56:44,2019-05-14 19:55:02,3,2,5,1,"https://gerrit.wikimedia.org/r/#/q/999ed409,n,z",2246298.0,1.34.0-wmf.6,385,2,Antoine Musso,68699,0,1,0,167018
2019-05-19 11:49:17,2019-05-19 15:48:03,1,1,2,1,"https://gerrit.wikimedia.org/r/#/q/be1a6701,n,z",14326.0,1.34.0-wmf.6,385,2,Antoine Musso,68699,0,1,0,167018
